{"MHSE:out:32:MeanAvgDistance:": [8.531698891661978, 0.14340561502527016], "MHSE:out:32:MeanEffectiveDiameter:": [11.228312866098817, 0.23731873693073793], "MHSE:out:32:MeanLowerBoundDiameter:": [24.4, 1.0198039027185568], "MHSE:out:32:MeanTotalCouples:": [2519857246.725, 231496702.1984894], "MHSE:out:32:MeanMaxMemoryUsed:": [34640880.0, 147424.86802436013], "MHSE:out:32:residuals:": {"avgDistance": 0.811755780006845, "effectiveDiameter": 0.20805770726297582, "lowerBoundDiameter": -9.629629629629635, "totalCouples": -2.232180141653789}, "MHSE:out:32:Ttest:": {"avgDistance": [1.4371590327869703, 0.18451379862054526], "effectiveDiameter": [0.2947032299302004, 0.7749052597071352], "lowerBoundDiameter": [-7.648529270389182, 3.163508346837825e-05], "totalCouples": [-0.7455653112371919, 0.4749505305587737]}, "MHSE:out:64:MeanAvgDistance:": [8.531698891661978, 0.14340561502527016], "MHSE:out:64:MeanEffectiveDiameter:": [11.228312866098817, 0.23731873693073793], "MHSE:out:64:MeanLowerBoundDiameter:": [24.4, 1.0198039027185568], "MHSE:out:64:MeanTotalCouples:": [2519857246.725, 231496702.1984894], "MHSE:out:64:MeanMaxMemoryUsed:": [34640880.0, 147424.86802436013], "MHSE:out:64:residuals:": {"avgDistance": 0.811755780006845, "effectiveDiameter": 0.20805770726297582, "lowerBoundDiameter": -9.629629629629635, "totalCouples": -2.232180141653789}, "MHSE:out:64:Ttest:": {"avgDistance": [1.4371590327869703, 0.18451379862054526], "effectiveDiameter": [0.2947032299302004, 0.7749052597071352], "lowerBoundDiameter": [-7.648529270389182, 3.163508346837825e-05], "totalCouples": [-0.7455653112371919, 0.4749505305587737]}, "MHSE:out:128:MeanAvgDistance:": [8.531698891661978, 0.14340561502527016], "MHSE:out:128:MeanEffectiveDiameter:": [11.228312866098817, 0.23731873693073793], "MHSE:out:128:MeanLowerBoundDiameter:": [24.4, 1.0198039027185568], "MHSE:out:128:MeanTotalCouples:": [2519857246.725, 231496702.1984894], "MHSE:out:128:MeanMaxMemoryUsed:": [34640880.0, 147424.86802436013], "MHSE:out:128:residuals:": {"avgDistance": 0.811755780006845, "effectiveDiameter": 0.20805770726297582, "lowerBoundDiameter": -9.629629629629635, "totalCouples": -2.232180141653789}, "MHSE:out:128:Ttest:": {"avgDistance": [1.4371590327869703, 0.18451379862054526], "effectiveDiameter": [0.2947032299302004, 0.7749052597071352], "lowerBoundDiameter": [-7.648529270389182, 3.163508346837825e-05], "totalCouples": [-0.7455653112371919, 0.4749505305587737]}, "SEMHSE:out:32:MeanAvgDistance:": [8.531698891661978, 0.14340561502527016], "SEMHSE:out:32:MeanEffectiveDiameter:": [11.228312866098817, 0.23731873693073793], "SEMHSE:out:32:MeanLowerBoundDiameter:": [24.4, 1.0198039027185568], "SEMHSE:out:32:MeanTotalCouples:": [2519857246.725, 231496702.1984894], "SEMHSE:out:32:MeanMaxMemoryUsed:": [34640880.0, 147424.86802436013], "SEMHSE:out:32:residuals:": {"avgDistance": 0.811755780006845, "effectiveDiameter": 0.20805770726297582, "lowerBoundDiameter": -9.629629629629635, "totalCouples": -2.232180141653789}, "SEMHSE:out:32:Ttest:": {"avgDistance": [1.4371590327869703, 0.18451379862054526], "effectiveDiameter": [0.2947032299302004, 0.7749052597071352], "lowerBoundDiameter": [-7.648529270389182, 3.163508346837825e-05], "totalCouples": [-0.7455653112371919, 0.4749505305587737]}, "SEMHSE:out:64:MeanAvgDistance:": [8.531698891661978, 0.14340561502527016], "SEMHSE:out:64:MeanEffectiveDiameter:": [11.228312866098817, 0.23731873693073793], "SEMHSE:out:64:MeanLowerBoundDiameter:": [24.4, 1.0198039027185568], "SEMHSE:out:64:MeanTotalCouples:": [2519857246.725, 231496702.1984894], "SEMHSE:out:64:MeanMaxMemoryUsed:": [34640880.0, 147424.86802436013], "SEMHSE:out:64:residuals:": {"avgDistance": 0.811755780006845, "effectiveDiameter": 0.20805770726297582, "lowerBoundDiameter": -9.629629629629635, "totalCouples": -2.232180141653789}, "SEMHSE:out:64:Ttest:": {"avgDistance": [1.4371590327869703, 0.18451379862054526], "effectiveDiameter": [0.2947032299302004, 0.7749052597071352], "lowerBoundDiameter": [-7.648529270389182, 3.163508346837825e-05], "totalCouples": [-0.7455653112371919, 0.4749505305587737]}, "SEMHSE:out:128:MeanAvgDistance:": [8.531698891661978, 0.14340561502527016], "SEMHSE:out:128:MeanEffectiveDiameter:": [11.228312866098817, 0.23731873693073793], "SEMHSE:out:128:MeanLowerBoundDiameter:": [24.4, 1.0198039027185568], "SEMHSE:out:128:MeanTotalCouples:": [2519857246.725, 231496702.1984894], "SEMHSE:out:128:MeanMaxMemoryUsed:": [34640880.0, 147424.86802436013], "SEMHSE:out:128:residuals:": {"avgDistance": 0.811755780006845, "effectiveDiameter": 0.20805770726297582, "lowerBoundDiameter": -9.629629629629635, "totalCouples": -2.232180141653789}, "SEMHSE:out:128:Ttest:": {"avgDistance": [1.4371590327869703, 0.18451379862054526], "effectiveDiameter": [0.2947032299302004, 0.7749052597071352], "lowerBoundDiameter": [-7.648529270389182, 3.163508346837825e-05], "totalCouples": [-0.7455653112371919, 0.4749505305587737]}}